Ligand,SCF_reduced,SCF_oxidized,Delta_E
catecholate,-4166.85196937,-4166.82691644,-0.02505293000012898
deferipronate,-4720.04978737,-4796.38090742,76.33112005000021
kojate,-4925.34882734,-4848.81065511,-76.53817222999987
maltolate,-4393.96754807,-4393.88593856,-0.08160950999990746
salicylate,-4659.89103518,-4583.38659749,-76.50443768999958
