Ligand,SCF_reduced,SCF_oxidized,Delta_E
catecholate,-4166.85196937,-4166.81947354,-0.03249582999978884
deferipronate,-4720.04978737,-4719.90494569,-0.14484167999944475
kojate,-4925.34882734,-4925.22674186,-0.1220854799994413
maltolate,-4393.96754807,-4393.85343766,-0.1141104099997392
salicylate,-4659.89103518,-4659.82204593,-0.06898924999950395
