File Name,Fe-O Bond 1,Fe-O Bond 2,Fe-O Bond 3,Fe-O Bond 4,Fe-O Bond 5,Fe-O Bond 6
H2O_2,2.109147791324496,2.10928936558311,2.178697190873023,2.178796934279558,2.2961266235301574,2.2964218086616843
H2O_3,1.9880758380959718,2.0348908118071103,2.0400016301660155,2.0787869737087057,2.1026018756381344,2.1103533123993716
